CalculatedMoleFraction,InitialMoleFraction,RelativeDifferencePercent,Pressure,Temperature
3.84354456759287e-307,0.00051,1.32690018557376e+305,268,308
6.34372259879196e-302,0.00052,8.19707974146007e+299,268,308
8.0563948626452e-297,0.00053,6.57862491891295e+294,268,308
7.93074257011812e-292,0.00054,6.8089462648131e+289,268,308
6.09494235654424e-287,0.00055,9.02387533508756e+284,268,308
3.6823813532383e-282,0.00056,1.52075503941908e+280,268,308
1.76087194706959e-277,0.00057,3.23703265844278e+275,268,308
6.70841439431073e-273,0.00058,8.64585825961923e+270,268,308
2.04916244134449e-268,0.00059,2.87922513167326e+266,268,308
5.0499609007342e-264,0.0006,1.1881280108778e+262,268,308
1.01010466881757e-259,0.00061,6.03897812603984e+257,268,308
1.64947415742492e-255,0.00062,3.75877365043363e+253,268,308
2.21148251329409e-251,0.00063,2.84876772125858e+249,268,308
2.44773363045237e-247,0.00064,2.61466358936173e+245,268,308
2.24852994239444e-243,0.00065,2.89077760426806e+241,268,308
1.72316742304759e-239,0.00066,3.83015597423914e+237,268,308
1.10718940083722e-235,0.00067,6.05135850734631e+233,268,308
5.99357748547015e-232,0.00068,1.13454777492821e+230,268,308
2.74636820995892e-228,0.00069,2.51240892425827e+226,268,308
1.07007661250311e-224,0.0007,6.54158769401164e+222,268,308
3.56096453299813e-221,0.00071,1.99384181847557e+219,268,308
1.01641306532474e-217,0.00072,7.0837342077058e+215,268,308
2.49871956172059e-214,0.00073,2.92149631828764e+212,268,308
5.31187480109884e-211,0.00074,1.39310512334914e+209,268,308
9.80267792121649e-208,0.00075,7.6509705411899e+205,268,308
1.57629931370044e-204,0.00076,4.82141934209096e+202,268,308
2.21670920494468e-201,0.00077,3.47361755110867e+199,268,308
2.73579843704672e-198,0.00078,2.85108723448942e+196,268,308
2.97334886057751e-195,0.00079,2.65693679767722e+193,268,308
2.85514704979683e-192,0.0008,2.80195725840786e+190,268,308
2.43008402027792e-189,0.00081,3.33321808316472e+187,268,308
1.8389505208828e-186,0.00082,4.45906505198603e+184,268,308
1.24101874500937e-183,0.00083,6.68805369248257e+181,268,308
7.49046939896333e-181,0.00084,1.12142504729577e+179,268,308
4.05495091114979e-178,0.00085,2.0962029346959e+176,268,308
1.97421058274202e-175,0.00086,4.35617156304333e+173,268,308
8.66725023484957e-173,0.00087,1.00377856462696e+171,268,308
3.44003096402697e-170,0.00088,2.55811650884053e+168,268,308
1.23741506728682e-167,0.00089,7.19241282516004e+165,268,308
4.04376799516804e-165,0.0009,2.22564697350448e+163,268,308
1.20334069418995e-162,0.00091,7.56228061091697e+160,268,308
3.2681756026398e-160,0.00092,2.81502621602367e+158,268,308
8.11875803906502e-158,0.00093,1.14549540154433e+156,268,308
1.84869583931158e-155,0.00094,5.08466552480606e+153,268,308
3.86660110290447e-153,0.00095,2.45693821192569e+151,268,308
7.44304832515173e-151,0.00096,1.28979412474852e+149,268,308
1.32121482706479e-148,0.00097,7.34172808335003e+146,268,308
2.16678429714374e-146,0.00098,4.52283137408665e+144,268,308
3.28906052252161e-144,0.00099,3.00997805671572e+142,268,308
4.62927436826528e-142,0.001,2.16016576346225e+140,268,308
6.05183659309376e-140,0.00101,1.66891485661161e+138,268,308
7.36073549265824e-138,0.00102,1.38573108763027e+136,268,308
8.34296528081792e-136,0.00103,1.23457303887884e+134,268,308
8.82612282721056e-134,0.00104,1.17832033426243e+132,268,308
8.72841190029288e-132,0.00105,1.20296797629906e+130,268,308
8.08095437092564e-130,0.00106,1.31172625329226e+128,268,308
7.01423453872309e-128,0.00107,1.52546937815226e+126,268,308
5.71608155744216e-126,0.00108,1.88940621148744e+124,268,308
4.37935538511612e-124,0.00109,2.48895077961593e+122,268,308
3.15858193953856e-122,0.0011,3.48257547550183e+120,268,308
2.1473596914444e-120,0.00111,5.16913866094492e+118,268,308
1.37782205401557e-118,0.00112,8.128771032049e+116,268,308
8.35385919376842e-117,0.00113,1.35266823846268e+115,268,308
4.79184038655395e-115,0.00114,2.37904418352263e+113,268,308
2.60339560728617e-113,0.00115,4.417307906572e+111,268,308
1.34118443805805e-111,0.00116,8.64907142584811e+109,268,308
6.5587655060821e-110,0.00117,1.78387228345796e+108,268,308
3.04791603302968e-108,0.00118,3.87149772898127e+106,268,308
1.34735153843254e-106,0.00119,8.83214191735294e+104,268,308
5.67144469701876e-105,0.0012,2.1158630015925e+103,268,308
2.27545175726866e-103,0.00121,5.31762537322445e+101,268,308
8.70999386834706e-102,0.00122,1.400689849431e+100,268,308
3.18382125434314e-100,0.00123,3.86328220631771e+98,268,308
1.11238205296123e-98,0.00124,1.11472492449787e+97,268,308
3.7180690532307e-97,0.00125,3.36196015217591e+95,268,308
1.18990695146238e-95,0.00126,1.0589063274666e+94,268,308
3.64926157936586e-94,0.00127,3.48015611481786e+92,268,308
1.07336783153011e-92,0.00128,1.19250825523188e+91,268,308
3.03033015291617e-91,0.00129,4.25696189822287e+89,268,308
8.21800962366942e-90,0.0013,1.58189155225099e+88,268,308
2.14243572782649e-88,0.00131,6.11453582007335e+86,268,308
5.37321724938361e-87,0.00132,2.45662875468403e+85,268,308
1.29735706241496e-85,0.00133,1.02516110524289e+84,268,308
3.01778695915801e-84,0.00134,4.44033995154474e+82,268,308
6.76736421886999e-83,0.00135,1.99486824757516e+81,268,308
1.46400717314711e-81,0.00136,9.28957197030987e+79,268,308
3.05733692957266e-80,0.00137,4.48102394848412e+78,268,308
6.16732467123979e-79,0.00138,2.23759907830924e+77,268,308
1.20246960324853e-77,0.00139,1.15595437609803e+76,268,308
2.26745750643371e-76,0.0014,6.1743163698884e+74,268,308
4.13761154489865e-75,0.00141,3.40776311333146e+73,268,308
7.31067532470383e-74,0.00142,1.94236501681536e+72,268,308
1.25143516483833e-72,0.00143,1.1426880434391e+71,268,308
2.07655024301838e-71,0.00144,6.93457817763602e+69,268,308
3.34190720638558e-70,0.00145,4.33883980150436e+68,268,308
5.2190737012924e-69,0.00146,2.79743127528254e+67,268,308
7.91340864068091e-68,0.00147,1.85760658490841e+66,268,308
1.16553096969383e-66,0.00148,1.26980752848531e+65,268,308
1.66835362648612e-65,0.00149,8.9309602972976e+63,268,308
2.32201849256561e-64,0.0015,6.45989687335625e+62,268,308
3.14384444833285e-63,0.00151,4.80303661588835e+61,268,308
4.14261179125906e-62,0.00152,3.66918281651979e+60,268,308
5.31497005292572e-61,0.00153,2.87866156302759e+59,268,308
6.64250816094967e-60,0.00154,2.31840136690149e+58,268,308
8.09012396320655e-59,0.00155,1.9159162542494e+57,268,308
9.60623287857227e-58,0.00156,1.62394564000186e+56,268,308
1.11251274448103e-56,0.00157,1.41121978852691e+55,268,308
1.25714702762555e-55,0.00158,1.25681401242641e+54,268,308
1.38665314889486e-54,0.00159,1.14664579333859e+53,268,308
1.49354444729291e-53,0.0016,1.07127712395841e+52,268,308
1.57145264183934e-52,0.00161,1.02452976127587e+51,268,308
1.61576470476165e-51,0.00162,1.00262123267446e+50,268,308
1.62407499102018e-50,0.00163,1.00364823608059e+49,268,308
1.59639136230058e-49,0.00164,1.02731700930565e+48,268,308
1.53507280713137e-48,0.00165,1.07486758434826e+47,268,308
1.44451741417533e-47,0.00166,1.1491727158912e+46,268,308
1.33065545733747e-46,0.00167,1.25502059213851e+45,268,308
1.20032644435936e-45,0.00168,1.399619251825e+44,268,308
1.06062789657149e-44,0.00169,1.59339576628426e+43,268,308
9.18317422733521e-44,0.0017,1.85121174652189e+42,268,308
7.79331372358891e-43,0.00171,2.19418858350864e+41,268,308
6.48457967555747e-42,0.00172,2.652446397541e+40,268,308
5.29175846006099e-41,0.00173,3.26923462787843e+39,268,308
4.23645248239717e-40,0.00174,4.10720999994654e+38,268,308
3.32821955168195e-39,0.00175,5.25806658132159e+37,268,308
2.56654944947631e-38,0.00176,6.85745603054372e+36,268,308
1.94327259898116e-37,0.00177,9.10834640970082e+35,268,308
1.44504150276132e-36,0.00178,1.23179853076788e+35,268,308
1.05560940884947e-35,0.00179,1.69570296076742e+34,268,308
7.57729450549883e-35,0.0018,2.37551806742333e+33,268,308
5.34592141624317e-34,0.00181,3.38575871037021e+32,268,308
3.70796716918296e-33,0.00182,4.90834982339132e+31,268,308
2.52906200085024e-32,0.00183,7.23588428984649e+30,268,308
1.6966675308034e-31,0.00184,1.08447881897565e+30,268,308
1.11982238365676e-30,0.00185,1.65204770595749e+29,268,308
7.27304393939262e-30,0.00186,2.55738864703646e+28,268,308
4.64938645011831e-29,0.00187,4.02203606876433e+27,268,308
2.92606070407356e-28,0.00188,6.42502049729429e+26,268,308
1.81331554996109e-27,0.00189,1.04228963350618e+26,268,308
1.1067720821677e-26,0.0019,1.71670394529532e+25,268,308
6.65469967721896e-26,0.00191,2.87015206191574e+24,268,308
3.94251387374259e-25,0.00192,4.86998920355698e+23,268,308
2.30186548387459e-24,0.00193,8.38450384490472e+22,268,308
1.32475159961968e-23,0.00194,1.46442548214846e+22,268,308
7.51659386475136e-23,0.00195,2.594260159704e+21,268,308
4.20554855618079e-22,0.00196,4.66050973806838e+20,268,308
2.32070796168508e-21,0.00197,8.48878890633688e+19,268,308
1.26326512623208e-20,0.00198,1.56736694371174e+19,268,308
6.7845834447663e-20,0.00199,2.93312038417791e+18,268,308
3.59570165639203e-19,0.002,5.56219673132399e+17,268,308
1.88083916677622e-18,0.00201,1.06867191810194e+17,268,308
9.7118433192683e-18,0.00202,2.07993470816432e+16,268,308
4.95115853309599e-17,0.00203,4.10005049612213e+15,268,308
2.49252230897491e-16,0.00204,818448040627060,268,308
1.23927873349024e-15,0.00205,165418799225679,268,308
6.08647886551614e-15,0.00206,33845513071032.8,268,308
2.9532396643462e-14,0.00207,7009251653230.57,268,308
1.41590409659705e-13,0.00208,1469026048344.26,268,308
6.70868716660362e-13,0.00209,311536362842.095,268,308
3.14177208854221e-12,0.0021,66841258298.6767,268,308
1.45448430518982e-11,0.00211,14506859771.0292,268,308
6.65738014584338e-11,0.00212,3184435749.47398,268,308
3.01314004577662e-10,0.00213,706903650.785006,268,308
1.34870693899862e-09,0.00214,158670396.764026,268,308
5.97114822246187e-09,0.00215,36006375.1350883,268,308
2.61516317232251e-08,0.00216,8259422.85830683,268,308
1.13317803725504e-07,0.00217,1914868.28270384,268,308
4.85861763093412e-07,0.00218,448587.294534202,268,308
2.06157145207097e-06,0.00219,106129.643304384,268,308
8.65785161416815e-06,0.0022,25310.4609092608,268,308
3.59916750856754e-05,0.00221,6040.30882069053,268,308
0.000148124667770444,0.00222,1398.73753873355,268,308
0.00060358510464617,0.00223,269.459084201101,268,308
0.00243549357832067,0.00224,8.02685665282966,268,308
0.00973248082861841,0.00225,76.8815367877853,268,308
0.0385210540639876,0.00226,94.1330785075458,268,308
0.151028868062582,0.00227,98.4969760886645,268,308
0.586620678164032,0.00228,99.6113331689678,268,308
2.25755326851434,0.00229,99.8985627479122,268,308
8.60892235107913,0.0023,99.9732835318266,268,308
32.5338832139253,0.00231,99.9928997101735,268,308
121.855411054692,0.00232,99.9980961042436,268,308
452.397625390575,0.00233,99.9994849663506,268,308
1664.97030871395,0.00234,99.9998594569532,268,308
6075.0069104634,0.00235,99.9999613169164,268,308
21977.7858525176,0.00236,99.9999892618846,268,308
78842.448629193,0.00237,99.9999969940051,268,308
280489.60512838,0.00238,99.9999991514837,268,308
989680.047185589,0.00239,99.9999997585078,268,308
3463653.99708783,0.0024,99.999999930709,268,308
12024734.6560684,0.00241,99.999999979958,268,308
41414926.9246856,0.00242,99.9999999941567,268,308
141519799.025114,0.00243,99.9999999982829,268,308
479837689.577191,0.00244,99.9999999994915,268,308
1614454284.28524,0.00245,99.9999999998482,268,308
5390738097.7127,0.00246,99.9999999999544,268,308
17864798070.068,0.00247,99.9999999999862,268,308
58763976440.4376,0.00248,99.9999999999958,268,308
191876902032.173,0.00249,99.9999999999987,268,308
621967145118.526,0.0025,99.9999999999996,268,308
2001611024360.52,0.00251,99.9999999999999,268,308
6395775350457.44,0.00252,100,268,308
20292768305501.1,0.00253,100,268,308
63937669827040.3,0.00254,100,268,308
200065449676242,0.00255,100,268,308
621754708649729,0.00256,100,268,308
1.91923979372657e+15,0.00257,100,268,308
5.88482560032447e+15,0.00258,100,268,308
1.79251482134968e+16,0.00259,100,268,308
5.4243398704303e+16,0.0026,100,268,308
1.63085658809045e+17,0.00261,100,268,308
4.8719042747681e+17,0.00262,100,268,308
1.44618804588654e+18,0.00263,100,268,308
4.26601513550512e+18,0.00264,100,268,308
1.25060393070825e+19,0.00265,100,268,308
3.64371790878359e+19,0.00266,100,268,308
1.05517544964325e+20,0.00267,100,268,308
3.03729255929646e+20,0.00268,100,268,308
8.69075032299143e+20,0.00269,100,268,308
2.4720824106569e+21,0.0027,100,268,308
6.99084406676072e+21,0.00271,100,268,308
1.96554465796649e+22,0.00272,100,268,308
5.49475253041296e+22,0.00273,100,268,308
1.52739104472165e+23,0.00274,100,268,308
4.22195746227302e+23,0.00275,100,268,308
1.16054847818971e+24,0.00276,100,268,308
3.17265267824131e+24,0.00277,100,268,308
8.62611545507737e+24,0.00278,100,268,308
2.33273210532228e+25,0.00279,100,268,308
6.27472074189316e+25,0.0028,100,268,308
1.67890703105036e+26,0.00281,100,268,308
4.46872969735579e+26,0.00282,100,268,308
1.18328378057144e+27,0.00283,100,268,308
3.11718829540251e+27,0.00284,100,268,308
8.17011360955312e+27,0.00285,100,268,308
2.13061729545893e+28,0.00286,100,268,308
5.52861292642802e+28,0.00287,100,268,308
1.42751648166265e+29,0.00288,100,268,308
3.66792841721339e+29,0.00289,100,268,308
9.37898093436608e+29,0.0029,100,268,308
2.38674263089052e+30,0.00291,100,268,308
6.04491876424806e+30,0.00292,100,268,308
1.52380659559856e+31,0.00293,100,268,308
3.82334113912412e+31,0.00294,100,268,308
9.54880782162372e+31,0.00295,100,268,308
2.37392506360124e+32,0.00296,100,268,308
5.87509949338279e+32,0.00297,100,268,308
1.44747877215534e+33,0.00298,100,268,308
3.55039036203025e+33,0.00299,100,268,308
8.67011545560166e+33,0.003,100,268,308
2.10802743475274e+34,0.00301,100,268,308
5.10326072580464e+34,0.00302,100,268,308
1.2301460693212e+35,0.00303,100,268,308
2.95270553287637e+35,0.00304,100,268,308
7.05756712542768e+35,0.00305,100,268,308
1.67987906564354e+36,0.00306,100,268,308
3.98204017797995e+36,0.00307,100,268,308
1.22226690798616e+142,0.00308,100,268,308
2.01576906391811e+143,0.00309,100,268,308
3.28024266940481e+144,0.0031,100,268,308
5.26745994780952e+145,0.00311,100,268,308
8.34768029639833e+146,0.00312,100,268,308
1.3056853589482e+148,0.00313,100,268,308
2.01584866291192e+149,0.00314,100,268,308
3.07228944283406e+150,0.00315,100,268,308
4.6226279693957e+151,0.00316,100,268,308
6.86713868513553e+152,0.00317,100,268,308
1.00730238753168e+154,0.00318,100,268,308
1.4590757757257e+155,0.00319,100,268,308
2.08721027573182e+156,0.0032,100,268,308
2.9489067396437e+157,0.00321,100,268,308
4.11526801772434e+158,0.00322,100,268,308
5.67300176092628e+159,0.00323,100,268,308
7.72574823829003e+160,0.00324,100,268,308
1.0394792924388e+162,0.00325,100,268,308
1.38188943176794e+163,0.00326,100,268,308
1.81529456862065e+164,0.00327,100,268,308
2.35652022654864e+165,0.00328,100,268,308
3.02328490556828e+166,0.00329,100,268,308
3.83357630130428e+167,0.0033,100,268,308
4.80484382272101e+168,0.00331,100,268,308
5.95301906469804e+169,0.00332,100,268,308
7.29139323243514e+170,0.00333,100,268,308
8.82939913660742e+171,0.00334,100,268,308
1.05713635819844e+173,0.00335,100,268,308
1.25153117498207e+174,0.00336,100,268,308
1.46519164016655e+175,0.00337,100,268,308
1.69636894206625e+176,0.00338,100,268,308
1.94245097728551e+177,0.00339,100,268,308
2.19995695040765e+178,0.0034,100,268,308
2.46457978566905e+179,0.00341,100,268,308
2.73127939702347e+180,0.00342,100,268,308
2.99442629052807e+181,0.00343,100,268,308
3.2479910768127e+182,0.00344,100,268,308
3.48577160106869e+183,0.00345,100,268,308
3.70164592993117e+184,0.00346,100,268,308
3.88983672970956e+185,0.00347,100,268,308
4.04517093157799e+186,0.00348,100,268,308
4.16331821262827e+187,0.00349,100,268,308
4.24099280963514e+188,0.0035,100,268,308
4.27610546965797e+189,0.00351,100,268,308
4.26785573952324e+190,0.00352,100,268,308
4.21675900136834e+191,0.00353,100,268,308
4.12460729019236e+192,0.00354,100,268,308
3.99436756031687e+193,0.00355,100,268,308
3.8300252883178e+194,0.00356,100,268,308
3.63638475176895e+195,0.00357,100,268,308
3.41883973652605e+196,0.00358,100,268,308
3.18312964541669e+197,0.00359,100,268,308
2.93509597681694e+198,0.0036,100,268,308
2.6804529997424e+199,0.00361,100,268,308
2.42458436132026e+200,0.00362,100,268,308
2.17237458262236e+201,0.00363,100,268,308
1.92808123016366e+202,0.00364,100,268,308
1.69525029648659e+203,0.00365,100,268,308
1.47667426233475e+204,0.00366,100,268,308
1.27438967106854e+205,0.00367,100,268,308
1.0897089828274e+206,0.00368,100,268,308
9.23280076988125e+206,0.00369,100,268,308
7.75166050916298e+207,0.0037,100,268,308
6.44937873057426e+208,0.00371,100,268,308
5.31772893607058e+209,0.00372,100,268,308
4.34553070625141e+210,0.00373,100,268,308
3.51957894443057e+211,0.00374,100,268,308
2.82548251958096e+212,0.00375,100,268,308
2.24838742916638e+213,0.00376,100,268,308
1.7735714372428e+214,0.00377,100,268,308
1.38690739424126e+215,0.00378,100,268,308
1.07520068245928e+216,0.00379,100,268,308
8.26412286232619e+216,0.0038,100,268,308
6.29782905782585e+217,0.00381,100,268,308
4.7587552997174e+218,0.00382,100,268,308
3.56554271737642e+219,0.00383,100,268,308
2.64916418952512e+220,0.00384,100,268,308
1.95192937256471e+221,0.00385,100,268,308
1.42630426539646e+222,0.00386,100,268,308
1.03365075086028e+223,0.00387,100,268,308
7.42967082891327e+223,0.00388,100,268,308
5.29687604389935e+224,0.00389,100,268,308
3.74580152055313e+225,0.0039,100,268,308
2.62763173404818e+226,0.00391,100,268,308
1.82851671669915e+227,0.00392,100,268,308
1.26231526660157e+228,0.00393,100,268,308
8.64551378765238e+228,0.00394,100,268,308
5.87472193361199e+229,0.00395,100,268,308
3.96074305118529e+230,0.00396,100,268,308
2.64958608477639e+231,0.00397,100,268,308
1.75877559365315e+232,0.00398,100,268,308
1.15849118106526e+233,0.00399,100,268,308
7.57257653887416e+233,0.004,100,268,308
4.91226558639755e+234,0.00401,100,268,308
3.16246469275366e+235,0.00402,100,268,308
2.020661290048e+236,0.00403,100,268,308
1.28145547767226e+237,0.00404,100,268,308
8.06628799208958e+237,0.00405,100,268,308
5.03990128331872e+238,0.00406,100,268,308
3.12583615520271e+239,0.00407,100,268,308
1.92452652460878e+240,0.00408,100,268,308
1.17628513463247e+241,0.00409,100,268,308
7.13755896044002e+241,0.0041,100,268,308
4.29984151978798e+242,0.00411,100,268,308
2.57180448412301e+243,0.00412,100,268,308
1.52729596106169e+244,0.00413,100,268,308
9.00585768920626e+244,0.00414,100,268,308
5.27303099586e+245,0.00415,100,268,308
3.06581227189771e+246,0.00416,100,268,308
1.77009788403191e+247,0.00417,100,268,308
1.01492015805575e+248,0.00418,100,268,308
5.77917180917322e+248,0.00419,100,268,308
3.26824501868809e+249,0.0042,100,268,308
1.8356712685355e+250,0.00421,100,268,308
1.02405297431731e+251,0.00422,100,268,308
5.67430846541551e+251,0.00423,100,268,308
3.12307306579447e+252,0.00424,100,268,308
1.70744059484215e+253,0.00425,100,268,308
9.27296820726413e+253,0.00426,100,268,308
5.00284439086339e+254,0.00427,100,268,308
2.68136237018582e+255,0.00428,100,268,308
1.42774104321996e+256,0.00429,100,268,308
7.55290141693198e+256,0.0043,100,268,308
3.96975348044315e+257,0.00431,100,268,308
2.07306737437779e+258,0.00432,100,268,308
1.07566776444013e+259,0.00433,100,268,308
5.54590399347713e+259,0.00434,100,268,308
2.84125682042167e+260,0.00435,100,268,308
1.44646183411052e+261,0.00436,100,268,308
7.31772528888195e+261,0.00437,100,268,308
3.67901917243324e+262,0.00438,100,268,308
1.83818373365093e+263,0.00439,100,268,308
9.12768613539341e+263,0.0044,100,268,308
4.50465240635833e+264,0.00441,100,268,308
2.20955328233141e+265,0.00442,100,268,308
1.07721894488655e+266,0.00443,100,268,308
5.22003487845809e+266,0.00444,100,268,308
2.51435305412684e+267,0.00445,100,268,308
1.20385995072643e+268,0.00446,100,268,308
5.72975240576553e+268,0.00447,100,268,308
2.71093535856048e+269,0.00448,100,268,308
1.27508469167138e+270,0.00449,100,268,308
5.96222718035699e+270,0.0045,100,268,308
2.77166407696927e+271,0.00451,100,268,308
1.28099704606278e+272,0.00452,100,268,308
5.88632064173123e+272,0.00453,100,268,308
2.68930870282147e+273,0.00454,100,268,308
1.22166173248338e+274,0.00455,100,268,308
5.51807228216025e+274,0.00456,100,268,308
2.47834834126183e+275,0.00457,100,268,308
1.10684860286833e+276,0.00458,100,268,308
4.91560846248875e+276,0.00459,100,268,308
2.17090955520805e+277,0.0046,100,268,308
9.53440676636231e+277,0.00461,100,268,308
4.16433016182243e+278,0.00462,100,268,308
1.80887317040136e+279,0.00463,100,268,308
7.81437839442925e+279,0.00464,100,268,308
3.3574991213432e+280,0.00465,100,268,308
1.43477646349091e+281,0.00466,100,268,308
6.09833225832585e+281,0.00467,100,268,308
2.57814882732029e+282,0.00468,100,268,308
1.08414265445353e+283,0.00469,100,268,308
4.53479681525234e+283,0.0047,100,268,308
1.88683324817987e+284,0.00471,100,268,308
7.80952737733655e+284,0.00472,100,268,308
3.2154570333786e+285,0.00473,100,268,308
1.31703861275513e+286,0.00474,100,268,308
5.36664886287867e+286,0.00475,100,268,308
2.17554311548811e+287,0.00476,100,268,308
8.77410735992714e+287,0.00477,100,268,308
3.52062486525286e+288,0.00478,100,268,308
1.4054935951801e+289,0.00479,100,268,308
5.58265749235505e+289,0.0048,100,268,308
2.20631086895718e+290,0.00481,100,268,308
8.67594075993222e+290,0.00482,100,268,308
3.39469750588675e+291,0.00483,100,268,308
1.32169310395383e+292,0.00484,100,268,308
5.12053747281364e+292,0.00485,100,268,308
1.97408628613925e+293,0.00486,100,268,308
7.57342942517912e+293,0.00487,100,268,308
2.89137916527923e+294,0.00488,100,268,308
1.09853425884543e+295,0.00489,100,268,308
4.153634450907e+295,0.0049,100,268,308
1.56300008649612e+296,0.00491,100,268,308
5.85350079555736e+296,0.00492,100,268,308
2.18176584195419e+297,0.00493,100,268,308
6.27983639640968e+122,0.00704,100,268,308
8.89780627101023e+122,0.00705,100,268,308
1.26038281783268e+123,0.00706,100,268,308
1.784874509712e+123,0.00707,100,268,308
2.52696574453328e+123,0.00708,100,268,308
3.57666480587249e+123,0.00709,100,268,308
5.06110221481468e+123,0.0071,100,268,308
7.15979707634408e+123,0.00711,100,268,308
1.01261839055207e+124,0.00712,100,268,308
1.43179601340239e+124,0.00713,100,268,308
2.02398586325956e+124,0.00714,100,268,308
2.86039184156992e+124,0.00715,100,268,308
4.04143925115925e+124,0.00716,100,268,308
5.70873367894754e+124,0.00717,100,268,308
8.06190071944102e+124,0.00718,100,268,308
1.13822932529841e+125,0.00719,100,268,308
1.6066359549825e+125,0.0072,100,268,308
2.26725986279333e+125,0.00721,100,268,308
3.19876209661242e+125,0.00722,100,268,308
4.51190679330739e+125,0.00723,100,268,308
6.36262817189281e+125,0.00724,100,268,308
8.97040231761767e+125,0.00725,100,268,308
1.26440718186208e+126,0.00726,100,268,308
1.78181389440401e+126,0.00727,100,268,308
2.51037602621646e+126,0.00728,100,268,308
3.53603829035237e+126,0.00729,100,268,308
4.97963569356191e+126,0.0073,100,268,308
7.01102152818687e+126,0.00731,100,268,308
9.86890184646988e+126,0.00732,100,268,308
1.38886756909956e+127,0.00733,100,268,308
1.95415045615436e+127,0.00734,100,268,308
2.74891294219184e+127,0.00735,100,268,308
3.86607672708455e+127,0.00736,100,268,308
5.43609593895634e+127,0.00737,100,268,308
7.6420800074556e+127,0.00738,100,268,308
1.07409953924871e+128,0.00739,100,268,308
1.50933839281731e+128,0.0074,100,268,308
2.12050108982957e+128,0.00741,100,268,308
2.97852206845799e+128,0.00742,100,268,308
4.18286870205112e+128,0.00743,100,268,308
5.87299152869486e+128,0.00744,100,268,308
8.2443588746814e+128,0.00745,100,268,308
1.15709072213785e+129,0.00746,100,268,308
1.62364686327852e+129,0.00747,100,268,308
2.27787568646029e+129,0.00748,100,268,308
3.19509196507882e+129,0.00749,100,268,308
4.48076569866136e+129,0.0075,100,268,308
6.28256885648353e+129,0.00751,100,268,308
8.8072241279479e+129,0.00752,100,268,308
1.23440657234303e+130,0.00753,100,268,308
1.72979804144212e+130,0.00754,100,268,308
2.42354554589595e+130,0.00755,100,268,308
3.39489375461071e+130,0.00756,100,268,308
4.75467689727668e+130,0.00757,100,268,308
6.65788447854447e+130,0.00758,100,268,308
9.32121494087e+130,0.00759,100,268,308
1.30475931949969e+131,0.0076,100,268,308
1.8260409114539e+131,0.00761,100,268,308
2.55513235057041e+131,0.00762,100,268,308
3.57470071086425e+131,0.00763,100,268,308
5.0002295976249e+131,0.00764,100,268,308
6.99301986701753e+131,0.00765,100,268,308
9.77833051762738e+131,0.00766,100,268,308
1.3670688110554e+132,0.00767,100,268,308
1.91091919672577e+132,0.00768,100,268,308
2.67067553594242e+132,0.00769,100,268,308
3.73187731946021e+132,0.0077,100,268,308
5.21388658485195e+132,0.00771,100,268,308
7.2832355499339e+132,0.00772,100,268,308
1.01722317698435e+133,0.00773,100,268,308
1.42048879003446e+133,0.00774,100,268,308
1.98330543999508e+133,0.00775,100,268,308
2.76867625811819e+133,0.00776,100,268,308
3.86443566334396e+133,0.00777,100,268,308
5.39301794270714e+133,0.00778,100,268,308
7.52506183743148e+133,0.00779,100,268,308
1.0498354840881e+134,0.0078,100,268,308
1.46442093557956e+134,0.00781,100,268,308
2.04241811892143e+134,0.00782,100,268,308
2.84811787514098e+134,0.00783,100,268,308
3.97105933562859e+134,0.00784,100,268,308
5.53592802782324e+134,0.00785,100,268,308
7.71632771333685e+134,0.00786,100,268,308
1.07539394666274e+135,0.00787,100,268,308
1.49851718899011e+135,0.00788,100,268,308
2.08782266843637e+135,0.00789,100,268,308
2.90846434744553e+135,0.0079,100,268,308
4.05109709467646e+135,0.00791,100,268,308
5.64184103370774e+135,0.00792,100,268,308
7.856133125439e+135,0.00793,100,268,308
1.09379800704621e+136,0.00794,100,268,308
1.52267154595598e+136,0.00795,100,268,308
2.1194181609441e+136,0.00796,100,268,308
2.94963913697387e+136,0.00797,100,268,308
4.1045300384656e+136,0.00798,100,268,308
5.71085064646582e+136,0.00799,100,268,308
7.94477265200569e+136,0.008,100,268,308
1.10511111114143e+137,0.00801,100,268,308
1.53700297198127e+137,0.00802,100,268,308
2.13741201979608e+137,0.00803,100,268,308
2.97198799949635e+137,0.00804,100,268,308
4.13191713538337e+137,0.00805,100,268,308
5.74384066620931e+137,0.00806,100,268,308
7.98362028885008e+137,0.00807,100,268,308
1.10954404659211e+138,0.00808,100,268,308
1.54183138553684e+138,0.00809,100,268,308
2.14228550425307e+138,0.0081,100,268,308
2.97622951843024e+138,0.00811,100,268,308
4.13432450946582e+138,0.00812,100,268,308
5.74238415263145e+138,0.00813,100,268,308
7.97498592202279e+138,0.00814,100,268,308
1.1074345586988e+139,0.00815,100,268,308
1.5376487631913e+139,0.00816,100,268,308
2.1347528236873e+139,0.00817,100,268,308
2.96339734976504e+139,0.00818,100,268,308
4.11324398623398e+139,0.00819,100,268,308
5.70862872141951e+139,0.0082,100,268,308
7.92195403567434e+139,0.00821,100,268,308
1.09922470133619e+140,0.00822,100,268,308
1.52508737705596e+140,0.00823,100,268,308
2.11571665079165e+140,0.00824,100,268,308
2.9347779892705e+140,0.00825,100,268,308
4.07050613670807e+140,0.00826,100,268,308
5.64517518033941e+140,0.00827,100,268,308
7.82821450984733e+140,0.00828,100,268,308
1.08543727213775e+141,0.00829,100,268,308
1.5048870096628e+141,0.0083,100,268,308
2.08622255388246e+141,0.00831,100,268,308
2.89184749978077e+141,0.00832,100,268,308
4.00819250351921e+141,0.00833,100,268,308
5.55495587880518e+141,0.00834,100,268,308
7.69789417086821e+141,0.00835,100,268,308
1.06665250787399e+142,0.00836,100,268,308
1.4778627404727e+142,0.00837,100,268,308
2.04741450674582e+142,0.00838,100,268,308
2.83621011720435e+142,0.00839,100,268,308
3.92855095036098e+142,0.0084,100,268,308
5.44111808601535e+142,0.00841,100,268,308
7.53539625218766e+142,0.00842,100,268,308
1.04348600252e+143,0.00843,100,268,308
1.44487459640415e+143,0.00844,100,268,308
2.00049320881649e+143,0.00845,100,268,308
2.76954105469838e+143,0.00846,100,268,308
3.83391723460192e+143,0.00847,100,268,308
5.30691653310941e+143,0.00848,100,268,308
7.34525327277148e+143,0.00849,100,268,308
1.01656858006466e+144,0.0085,100,268,308
1.4068000375308e+144,0.00851,100,268,308
1.94667850123021e+144,0.00852,100,268,308
2.69353520309306e+144,0.00853,100,268,308
3.72664504051371e+144,0.00854,100,268,308
5.15561806006869e+144,0.00855,100,268,308
7.13199718755108e+144,0.00856,100,268,308
9.86528625746969e+144,0.00857,100,268,308
1.36450993398281e+145,0.00858,100,268,308
1.88717673019511e+145,0.00859,100,268,308
2.60986282815106e+145,0.0086,100,268,308
3.60904588953152e+145,0.00861,100,268,308
4.99042018116409e+145,0.00862,100,268,308
6.90004911928051e+145,0.00863,100,268,308
9.53977167822962e+145,0.00864,100,268,308
1.31884840072553e+146,0.00865,100,268,308
1.82315351381328e+146,0.00866,100,268,308
2.52013282588464e+146,0.00867,100,268,308
3.48333960884087e+146,0.00868,100,268,308
4.81438438184703e+146,0.00869,100,268,308
6.65362962030071e+146,0.0087,100,268,308
9.19495817162194e+146,0.00871,100,268,308
1.27061660620412e+147,0.00872,100,268,308
1.75571202879497e+147,0.00873,100,268,308
2.42586363751519e+147,0.00874,100,268,308
3.3516154182745e+147,0.00875,100,268,308
4.63038412141399e+147,0.00876,100,268,308
6.39668928190844e+147,0.00877,100,268,308
8.8362751970611e+147,0.00878,100,268,308
1.22056046602535e+148,0.00879,100,268,308
1.68587665846767e+148,0.0088,100,268,308
2.32846155663844e+148,0.00881,100,268,308
3.21580320128451e+148,0.00882,100,268,308
4.44106685461044e+148,0.00883,100,268,308
6.13285862627706e+148,0.00884,100,268,308
8.46869959060989e+148,0.00885,100,268,308
1.16936197613103e+149,0.00886,100,268,308
1.61458163514201e+149,0.00887,100,268,308
2.2292058848725e+149,0.00888,100,268,308
3.077654159799e+149,0.00889,100,268,308
4.24882890172807e+149,0.0089,100,268,308
5.86541557771275e+149,0.00891,100,268,308
8.09671362576291e+149,0.00892,100,268,308
1.11763382967555e+150,0.00893,100,268,308
1.54266416555279e+150,0.00894,100,268,308
2.12924020361217e+150,0.00895,100,268,308
2.93872980716687e+150,0.00896,100,268,308
4.05580167788517e+150,0.00897,100,268,308
5.59726839779747e+150,0.00898,100,268,308
7.72428411097496e+150,0.00899,100,268,308
1.06591689364784e+151,0.009,100,268,308
1.47086144106421e+151,0.00901,100,268,308
2.02956891915452e+151,0.00902,100,268,308
2.80039811420436e+151,0.00903,100,268,308
3.86384761806093e+151,0.00904,100,268,308
5.33095175298503e+151,0.00905,100,268,308
7.35485926114271e+151,0.00906,100,268,308
1.0146800892665e+152,0.00907,100,268,308
1.39981089623409e+152,0.00908,100,268,308
1.93105819409954e+152,0.00909,100,268,308
2.6638355733204e+152,0.0091,100,268,308
3.67456408044846e+152,0.00911,100,268,308
5.06863352910769e+152,0.00912,100,268,308
6.99138003296049e+152,0.00913,100,268,308
9.64322217328668e+152,0.00914,100,268,308
1.33005308043245e+153,0.00915,100,268,308
1.83444038615244e+153,0.00916,100,268,308
2.53003396606093e+153,0.00917,100,268,308
3.48929355096593e+153,0.00918,100,268,308
4.81213007892156e+153,0.00919,100,268,308
6.63630273486242e+153,0.0092,100,268,308
9.15175289251053e+153,0.00921,100,268,308
1.26203653802151e+154,0.00922,100,268,308
1.74032116316484e+154,0.00923,100,268,308
2.39981069208695e+154,0.00924,100,268,308
3.30913858104074e+154,0.00925,100,268,308
4.56292775184144e+154,0.00926,100,268,308
6.29162996282588e+154,0.00927,100,268,308
8.67508959909695e+154,0.00928,100,268,308
1.19612414421689e+155,0.00929,100,268,308
1.64918853809488e+155,0.0093,100,268,308
2.27382162575954e+155,0.00931,100,268,308
3.13498004647196e+155,0.00932,100,268,308
4.32220877812687e+155,0.00933,100,268,308
5.95894723249434e+155,0.00934,100,268,308
8.21535703785172e+155,0.00935,100,268,308
1.13260040825375e+156,0.00936,100,268,308
1.56142315904147e+156,0.00937,100,268,308
2.15257559580159e+156,0.00938,100,268,308
2.96749749763881e+156,0.00939,100,268,308
4.09087983660149e+156,0.0094,100,268,308
5.63946303887921e+156,0.00941,100,268,308
7.77416426573012e+156,0.00942,100,268,308
1.0716793264549e+157,0.00943,100,268,308
1.47730928871435e+157,0.00944,100,268,308
2.03644972206352e+157,0.00945,100,268,308
2.80719056438174e+157,0.00946,100,268,308
3.86960190414727e+157,0.00947,100,268,308
5.3340504491478e+157,0.00948,100,268,308
7.35266256427828e+157,0.00949,100,268,308
1.01351243989962e+158,0.0095,100,268,308
1.39704600771453e+158,0.00951,100,268,308
1.92570498191367e+158,0.00952,100,268,308
2.6544005707395e+158,0.00953,100,268,308
3.65882024997152e+158,0.00954,100,268,308
5.04328869987642e+158,0.00955,100,268,308
6.95160309455249e+158,0.00956,100,268,308
9.58196821029697e+158,0.00957,100,268,308
1.32075827179898e+159,0.00958,100,268,308
1.82050151062359e+159,0.00959,100,268,308
2.50933169570807e+159,0.0096,100,268,308
3.45879368669348e+159,0.00961,100,268,308
4.76750361176648e+159,0.00962,100,268,308
6.57139270934232e+159,0.00963,100,268,308
9.05782777664237e+159,0.00964,100,268,308
1.24850754128891e+160,0.00965,100,268,308
1.72091326050295e+160,0.00966,100,268,308
2.37207118106007e+160,0.00967,100,268,308
3.26962241537319e+160,0.00968,100,268,308
4.50680594235935e+160,0.00969,100,268,308
6.21214675757325e+160,0.0097,100,268,308
8.56281120278704e+160,0.00971,100,268,308
1.18030177887606e+161,0.00972,100,268,308
1.62694174994485e+161,0.00973,100,268,308
2.24260823212139e+161,0.00974,100,268,308
3.09127399879546e+161,0.00975,100,268,308
4.26112706553689e+161,0.00976,100,268,308
5.87373807981813e+161,0.00977,100,268,308
8.09669887803215e+161,0.00978,100,268,308
1.1161046792274e+162,0.00979,100,268,308
1.538528724679e+162,0.0098,100,268,308
2.12085138080597e+162,0.00981,100,268,308
2.92360716458139e+162,0.00982,100,268,308
4.03025159286134e+162,0.00983,100,268,308
5.55584170061836e+162,0.00984,100,268,308
7.65900468692232e+162,0.00985,100,268,308
1.05584404983026e+163,0.00986,100,268,308
1.45556762914871e+163,0.00987,100,268,308
2.00664418247567e+163,0.00988,100,268,308
2.76639327757283e+163,0.00989,100,268,308
3.81384673785327e+163,0.0099,100,268,308
5.25797497344127e+163,0.00991,100,268,308
7.24903087710231e+163,0.00992,100,268,308
9.99419307863101e+163,0.00993,100,268,308
1.37791384695184e+164,0.00994,100,268,308
1.8997792000435e+164,0.00995,100,268,308
2.61933543082305e+164,0.00996,100,268,308
3.61148837170182e+164,0.00997,100,268,308
4.97953313212828e+164,0.00998,100,268,308
6.86591655375006e+164,0.00999,100,268,308
9.46708093345653e+164,0.01,100,268,308
1.3053937167026e+165,0.01001,100,268,308
1.80001029217756e+165,0.01002,100,268,308
2.48208518940913e+165,0.01003,100,268,308
3.42268383204073e+165,0.01004,100,268,308
4.71982035330029e+165,0.01005,100,268,308
6.50867997095675e+165,0.01006,100,268,308
8.97572025574138e+165,0.01007,100,268,308
1.23781236524084e+166,0.01008,100,268,308
1.7070632697443e+166,0.01009,100,268,308
2.35425708373784e+166,0.0101,100,268,308
3.24689162945939e+166,0.01011,100,268,308
4.47807654400851e+166,0.01012,100,268,308
6.17625493554163e+166,0.01013,100,268,308
8.51861648988079e+166,0.01014,100,268,308
1.17496042537335e+167,0.01015,100,268,308
1.62064501772625e+167,0.01016,100,268,308
2.23544099282145e+167,0.01017,100,268,308
3.08353825357769e+167,0.01018,100,268,308
4.25350014424565e+167,0.01019,100,268,308
5.86752173689055e+167,0.0102,100,268,308
8.09420627442837e+167,0.01021,100,268,308
1.11661972198303e+168,0.01022,100,268,308
1.54045120169003e+168,0.01023,100,268,308
2.12521258601248e+168,0.01024,100,268,308
2.93203231697947e+168,0.01025,100,268,308
4.04526728018604e+168,0.01026,100,268,308
5.58133307644288e+168,0.01027,100,268,308
7.70089253488565e+168,0.01028,100,268,308
1.06256802008969e+169,0.01029,100,268,308
1.46617269003107e+169,0.0103,100,268,308
2.02314200718498e+169,0.01031,100,268,308
2.79177629439929e+169,0.01032,100,268,308
3.8525476283273e+169,0.01033,100,268,308
5.3165354994552e+169,0.01034,100,268,308
7.33707342808639e+169,0.01035,100,268,308
1.01258293265408e+170,0.01036,100,268,308
1.39750082820437e+170,0.01037,100,268,308
1.92880099084036e+170,0.01038,100,268,308
2.66217612072945e+170,0.01039,100,268,308
3.6745173565487e+170,0.0104,100,268,308
5.07198683754287e+170,0.01041,100,268,308
7.00116584364725e+170,0.01042,100,268,308
9.6644508591892e+170,0.01043,100,268,308
1.33413170046249e+171,0.01044,100,268,308
1.84176859782171e+171,0.01045,100,268,308
2.54264890753177e+171,0.01046,100,268,308
3.51036950138179e+171,0.01047,100,268,308
4.84657015841028e+171,0.01048,100,268,308
6.69162414821884e+171,0.01049,100,268,308
9.23940637001509e+171,0.0105,100,268,308
1.27576950980977e+172,0.01051,100,268,308
1.76163575099153e+172,0.01052,100,268,308
2.43262902672963e+172,0.01053,100,268,308
3.35932212412226e+172,0.01054,100,268,308
4.63920469497089e+172,0.01055,100,268,308
6.40695482291141e+172,0.01056,100,268,308
8.84863233247804e+172,0.01057,100,268,308
1.22212919934184e+173,0.01058,100,268,308
1.68800874017921e+173,0.01059,100,268,308
2.33157279428854e+173,0.0106,100,268,308
3.22062456579558e+173,0.01061,100,268,308
4.44885419341902e+173,0.01062,100,268,308
6.14572759736926e+173,0.01063,100,268,308
8.49015496190302e+173,0.01064,100,268,308
1.17293842862557e+174,0.01065,100,268,308
1.62051185241577e+174,0.01066,100,268,308
2.23896196779896e+174,0.01067,100,268,308
3.09356209423794e+174,0.01068,100,268,308
4.27453308206568e+174,0.01069,100,268,308
5.90658363121523e+174,0.0107,100,268,308
8.16210105541583e+174,0.01071,100,268,308
1.12793900845532e+175,0.01072,100,268,308
1.55878926882451e+175,0.01073,100,268,308
2.1543062514522e+175,0.01074,100,268,308
2.97745920792752e+175,0.01075,100,268,308
4.11531082310492e+175,0.01076,100,268,308
5.68824123782068e+175,0.01077,100,268,308
7.86270550885338e+175,0.01078,100,268,308
1.08688788638975e+176,0.01079,100,268,308
1.50250635448552e+176,0.0108,100,268,308
2.0771449809169e+176,0.01081,100,268,308
2.87168183225076e+176,0.01082,100,268,308
3.97031476879035e+176,0.01083,100,268,308
5.4894995894243e+176,0.01084,100,268,308
7.59031610965692e+176,0.01085,100,268,308
1.04955776483736e+177,0.01086,100,268,308
1.45135045274087e+177,0.01087,100,268,308
2.00704814012068e+177,0.01088,100,268,308
2.77563861529607e+177,0.01089,100,268,308
3.8387318044968e+177,0.0109,100,268,308
5.30924078826464e+177,0.01091,100,268,308
7.34339612976899e+177,0.01092,100,268,308
1.01573742303426e+178,0.01093,100,268,308
1.40503128107688e+178,0.01094,100,268,308
1.94361684217802e+178,0.01095,100,268,308
2.68878150323708e+178,0.01096,100,268,308
3.71980902355861e+178,0.01097,100,268,308
5.14643063700349e+178,0.01098,100,268,308
7.12052517178649e+178,0.01099,100,268,308
9.85231804537835e+178,0.011,100,268,308
1.36328101242962e+179,0.01101,100,268,308
1.8864833883866e+179,0.01102,100,268,308
2.61060575006389e+179,0.01103,100,268,308
3.61285364412863e+179,0.01104,100,268,308
5.00011839396061e+179,0.01105,100,268,308
6.9203986561767e+179,0.01106,100,268,308
9.57861922907697e+179,0.01107,100,268,308
1.32585411331302e+180,0.01108,100,268,308
1.83531100222462e+180,0.01109,100,268,308
2.54064949319966e+180,0.0111,100,268,308
3.51723234650759e+180,0.01111,100,268,308
4.8694357551777e+180,0.01112,100,268,308
6.74182627751476e+180,0.01113,100,268,308
9.3346463001444e+180,0.01114,100,268,308
1.2925269990584e+181,0.01115,100,268,308
1.78979331999781e+181,0.01116,100,268,308
2.47849300557232e+181,0.01117,100,268,308
3.43237018068264e+181,0.01118,100,268,308
4.75359526594721e+181,0.01119,100,268,308
6.58372970419763e+181,0.0112,100,268,308
9.11892284108423e+181,0.01121,100,268,308
1.26309755636554e+182,0.01122,100,268,308
1.74965370605615e+182,0.01123,100,268,308
2.42375771596429e+182,0.01124,100,268,308
3.35774916811832e+182,0.01125,100,268,308
4.65188832956292e+182,0.01126,100,268,308
6.4451397480402e+182,0.01127,100,268,308
8.93012348232888e+182,0.01128,100,268,308
1.23738457446597e+183,0.01129,100,268,308
1.71464444826768e+183,0.0113,100,268,308
2.3761050728029e+183,0.01131,100,268,308
3.29290669923198e+183,0.01132,100,268,308
4.56368294983867e+183,0.01133,100,268,308
6.32519318797513e+183,0.01134,100,268,308
8.76706943791153e+183,0.01135,100,268,308
1.21522711829157e+184,0.01136,100,268,308
1.68454587874636e+184,0.01137,100,268,308
2.3352353118784e+184,0.01138,100,268,308
3.23743380788071e+184,0.01139,100,268,308
4.48842131690129e+184,0.0114,100,268,308
6.22312939475842e+184,0.01141,100,268,308
8.62872378997658e+184,0.01142,100,268,308
1.19648387013962e+185,0.01143,100,268,308
1.65916545536204e+185,0.01144,100,268,308
2.30088617567224e+185,0.01145,100,268,308
3.19097338671556e+185,0.01146,100,268,308
4.42561732166609e+185,0.01147,100,268,308
6.13828687117874e+185,0.01148,100,268,308
8.51418667524402e+185,0.01149,100,268,308
1.18103246030935e+186,0.0115,100,268,308
1.63833683131602e+186,0.01151,100,268,308
2.27283162066262e+186,0.01152,100,268,308
3.15321839192137e+186,0.01153,100,268,308
4.37485406356774e+186,0.01154,100,268,308
6.0700997935171e+186,0.01155,100,268,308
8.4226904872442e+186,0.01156,100,268,308
1.16876880176957e+187,0.01157,100,268,308
1.62191893282723e+187,0.01158,100,268,308
2.25088053911067e+187,0.01159,100,268,308
3.12391007230437e+187,0.0116,100,268,308
4.33578139774762e+187,0.01161,100,268,308
6.01809461506794e+187,0.01162,100,268,308
8.35359517434679e+187,0.01163,100,268,308
1.15960643937532e+188,0.01164,100,268,308
1.60979505858352e+188,0.01165,100,268,308
2.23487551317368e+188,0.01166,100,268,308
3.10283624591261e+188,0.01167,100,268,308
4.30811355158376e+188,0.01168,100,268,308
5.98188677032491e+188,0.01169,100,268,308
8.30638368291559e+188,0.0117,100,268,308
1.15347591991894e+189,0.01171,100,268,308
1.60187200896822e+189,0.01172,100,268,308
2.22469161136194e+189,0.01173,100,268,308
3.08982963671017e+189,0.01174,100,268,308
4.29162682604586e+189,0.01175,100,268,308
5.96117749847075e+189,0.01176,100,268,308
8.28065756796261e+189,0.01177,100,268,308
1.15032418559768e+190,0.01178,100,268,308
1.59807924797911e+190,0.01179,100,268,308
2.22023523044136e+190,0.0118,100,268,308
3.08476627424216e+190,0.01181,100,268,308
4.28615738418817e+190,0.01182,100,268,308
5.95575078710676e+190,0.01183,100,268,308
8.27613276892482e+190,0.01184,100,268,308
1.15011399014161e+191,0.01185,100,268,308
1.59836809604692e+191,0.01186,100,268,308
2.22144297946985e+191,0.01187,100,268,308
3.08756395049224e+191,0.01188,100,268,308
4.29159911694149e+191,0.01189,100,268,308
5.9654704200545e+191,0.0119,100,268,308
8.29263552527437e+191,0.01191,100,268,308
1.15282333357344e+192,0.01192,100,268,308
1.60271094767337e+192,0.01193,100,268,308
2.2282805965806e+192,0.01194,100,268,308
3.09818071975494e+192,0.01195,100,268,308
4.30790156496397e+192,0.01196,100,268,308
5.99027709764015e+192,0.01197,100,268,308
8.33009838463844e+192,0.01198,100,268,308
1.1584449086892e+193,0.01199,100,268,308
1.61110050359516e+193,0.012,100,268,308
2.24074188345785e+193,0.01201,100,268,308
3.11661341939834e+193,0.01202,100,268,308
4.33506786432889e+193,0.01203,100,268,308
6.03018558230857e+193,0.01204,100,268,308
8.38855623514992e+193,0.01205,100,268,308
1.16698554927431e+194,0.01206,100,268,308
1.62354900307669e+194,0.01207,100,268,308
2.25884763670304e+194,0.01208,100,268,308
3.1428961815926e+194,0.01209,100,268,308
4.37315267262191e+194,0.0121,100,268,308
6.08528180738826e+194,0.01211,100,268,308
8.46814227248879e+194,0.01212,100,268,308
1.17846566724685e+195,0.01213,100,268,308
1.64008743791655e+195,0.01214,100,268,308
2.28264454960983e+195,0.01215,100,268,308
3.17709889798129e+195,0.01216,100,268,308
4.42226002141947e+195,0.01217,100,268,308
6.15571987138437e+195,0.01218,100,268,308
8.56908379052804e+195,0.01219,100,268,308
1.19291866284135e+196,0.0122,100,268,308
1.66076472550818e+196,0.01221,100,268,308
2.31220405211519e+196,0.01222,100,268,308
3.21932559138179e+196,0.01223,100,268,308
4.48254102938139e+196,0.01224,100,268,308
6.24171882425575e+196,0.01225,100,268,308
8.6916976629081e+196,0.01226,100,268,308
1.21039028893043e+197,0.01227,100,268,308
1.68564681405883e+197,0.01228,100,268,308
2.34762105062475e+197,0.01229,100,268,308
3.26971264007326e+197,0.0123,100,268,308
4.55419139875784e+197,0.01231,100,268,308
6.34355913615199e+197,0.01232,100,268,308
8.83638535930396e+197,0.01233,100,268,308
1.23093794736083e+198,0.01234,100,268,308
1.71481568858773e+198,0.01235,100,268,308
2.38901252322231e+198,0.01236,100,268,308
3.32842679155733e+198,0.01237,100,268,308
4.63744860586925e+198,0.01238,100,268,308
6.46157872164809e+198,0.01239,100,268,308
9.00362731724428e+198,0.0124,100,268,308
1.25462989187959e+199,0.01241,100,268,308
1.7483682416828e+199,0.01242,100,268,308
2.4365159192737e+199,0.01243,100,268,308
3.39566289366423e+199,0.01244,100,268,308
4.73258868348048e+199,0.01245,100,268,308
6.59616837521675e+199,0.01246,100,268,308
9.19397646488295e+199,0.01247,100,268,308
1.28154430875874e+200,0.01248,100,268,308
1.78641496820097e+200,0.01249,100,268,308
2.49028730575224e+200,0.0125,100,268,308
3.47164126152729e+200,0.01251,100,268,308
4.83992247985627e+200,0.01252,100,268,308
6.74776645525999e+200,0.01253,100,268,308
9.40805066550981e+200,0.01254,100,268,308
1.31176824275237e+201,0.01255,100,268,308
1.82907843823591e+201,0.01256,100,268,308
2.55049919583247e+201,0.01257,100,268,308
3.55660458948042e+201,0.01258,100,268,308
4.95979126650331e+201,0.01259,100,268,308
6.91685263614472e+201,0.0126,100,268,308
9.64652382900211e+201,0.01261,100,268,308
1.3453963324758e+202,0.01262,100,268,308
1.87649149774101e+202,0.01263,100,268,308
2.61733798848302e+202,0.01264,100,268,308
3.65081430755113e+202,0.01265,100,268,308
5.09256155315613e+202,0.01266,100,268,308
7.10394052927347e+202,0.01267,100,268,308
9.91011541038562e+202,0.01268,100,268,308
1.38252931586786e+203,0.01269,100,268,308
1.92879514150746e+203,0.0127,100,268,308
2.69100094130814e+203,0.01271,100,268,308
3.75454627326496e+203,0.01272,100,268,308
5.2386189565186e+203,0.01273,100,268,308
7.3095689575413e+203,0.01274,100,268,308
1.0199577992776e+204,0.01275,100,268,308
1.42327226318941e+204,0.01276,100,268,308
1.98613599880461e+204,0.01277,100,268,308
2.77169259286885e+204,0.01278,100,268,308
3.86808568128634e+204,0.01279,100,268,308
5.39836095811501e+204,0.0128,100,268,308
7.53429165241979e+204,0.01281,100,268,308
1.05156826311147e+205,0.01282,100,268,308
1.46773249231477e+205,0.01283,100,268,308
2.04866336827066e+205,0.01284,100,268,308
2.85962054578186e+205,0.01285,100,268,308
3.99172106677127e+205,0.01286,100,268,308
5.57218837755274e+205,0.01287,100,268,308
7.77866513093851e+205,0.01288,100,268,308
1.08592016177239e+206,0.01289,100,268,308
1.51601711889276e+206,0.0129,100,268,308
2.11652573593185e+206,0.01291,100,268,308
2.95499051829123e+206,0.01292,100,268,308
4.1257372737151e+206,0.01293,100,268,308
5.76049538180957e+206,0.01294,100,268,308
8.04323450246621e+206,0.01295,100,268,308
1.12308883216301e+207,0.01296,100,268,308
1.56823019296673e+207,0.01297,100,268,308
2.18986670895558e+207,0.01298,100,268,308
3.05800057061726e+207,0.01299,100,268,308
4.27040725812585e+207,0.013,100,268,308
5.96365784998366e+207,0.01301,100,268,308
8.32851695476826e+207,0.01302,100,268,308
1.1631453753674e+208,0.01303,100,268,308
1.62446937386751e+208,0.01304,100,268,308
2.26882029845153e+208,0.01305,100,268,308
3.16883441389016e+208,0.01306,100,268,308
4.42598259857866e+208,0.01307,100,268,308
6.18201991708861e+208,0.01308,100,268,308
8.6349826763507e+208,0.01309,100,268,308
1.20615395230881e+209,0.0131,100,268,308
1.68482209731415e+209,0.01311,100,268,308
2.35350548796107e+209,0.01312,100,268,308
3.28765371456153e+209,0.01313,100,268,308
4.59268259470843e+209,0.01314,100,268,308
6.41587853384741e+209,0.01315,100,268,308
8.96303299135075e+209,0.01316,100,268,308
1.25216868799152e+210,0.01317,100,268,308
1.7493611930703e+210,0.01318,100,268,308
2.44402003094538e+210,0.01319,100,268,308
3.41458931738991e+210,0.0132,100,268,308
4.77068184930453e+210,0.01321,100,268,308
6.66546590086758e+210,0.01322,100,268,308
9.31297551672754e+210,0.01323,100,268,308
1.30123015869042e+211,0.01324,100,268,308
1.81813991877366e+211,0.01325,100,268,308
2.54043343134201e+211,0.01326,100,268,308
3.54973132576094e+211,0.01327,100,268,308
4.9600962530256e+211,0.01328,100,268,308
6.93092967070754e+211,0.01329,100,268,308
9.68499620143018e+211,0.0133,100,268,308
1.35336144388178e+212,0.01331,100,268,308
1.8911863864132e+212,0.01332,100,268,308
2.64277907708484e+212,0.01333,100,268,308
3.69311800129653e+212,0.01334,100,268,308
5.16096732405257e+212,0.01335,100,268,308
7.21231085953705e+212,0.01336,100,268,308
1.00791281785927e+213,0.01337,100,268,308
1.408563734927e+213,0.01338,100,268,308
1.96849737278708e+213,0.01339,100,268,308
2.75104551802402e+213,0.0134,100,268,308
3.84472347599364e+213,0.01341,100,268,308
5.37324490085133e+213,0.01342,100,268,308
7.50951947600886e+213,0.01343,100,268,308
1.04952174562402e+214,0.01344,100,268,308
1.46681150628522e+214,0.01345,100,268,308
2.05003152506845e+214,0.01346,100,268,308
2.86516690815508e+214,0.01347,100,268,308
4.00444431086947e+214,0.01348,100,268,308
5.59676824436844e+214,0.01349,100,268,308
7.82230795933376e+214,0.0135,100,268,308
1.09328855931623e+215,0.01351,100,268,308
1.52804727234995e+215,0.01352,100,268,308
2.13570199749357e+215,0.01353,100,268,308
2.98501266796022e+215,0.01354,100,268,308
4.17208498671527e+215,0.01355,100,268,308
5.83124568006467e+215,0.01356,100,268,308
8.15024262388071e+215,0.01357,100,268,308
1.13914896581329e+216,0.01358,100,268,308
1.59217597464622e+216,0.01359,100,268,308
2.22536858613193e+216,0.0136,100,268,308
3.11037646649443e+216,0.01361,100,268,308
4.34734247522036e+216,0.01362,100,268,308
6.0762329996718e+216,0.01363,100,268,308
8.49267343550432e+216,0.01364,100,268,308
1.18700799516745e+217,0.01365,100,268,308
1.65905907000098e+217,0.01366,100,268,308
2.3188294654515e+217,0.01367,100,268,308
3.24096467549406e+217,0.01368,100,268,308
4.5297901132089e+217,0.01369,100,268,308
6.33111094824774e+217,0.0137,100,268,308
8.84870259500422e+217,0.01371,100,268,308
1.23673561836093e+218,0.01372,100,268,308
1.72850842057685e+218,0.01373,100,268,308
2.41581267337034e+218,0.01374,100,268,308
3.37638450847099e+218,0.01375,100,268,308
4.71886108899781e+218,0.01376,100,268,308
6.59506224429576e+218,0.01377,100,268,308
9.21715257637867e+218,0.01378,100,268,308
1.28816230430724e+219,0.01379,100,268,308
1.80028012103719e+219,0.0138,100,268,308
2.51596754004775e+219,0.01381,100,268,308
3.5161321262429e+219,0.01382,100,268,308
4.91383194639218e+219,0.01383,100,268,308
6.86704871649067e+219,0.01384,100,268,308
9.59653445984022e+219,0.01385,100,268,308
1.34107463674134e+220,0.01386,100,268,308
1.8740684361567e+220,0.01387,100,268,308
2.61885630903145e+220,0.01388,100,268,308
3.65958106556571e+220,0.01389,100,268,308
5.11380661724891e+220,0.0139,100,268,308
7.14578928881756e+220,0.01391,100,268,308
9.98501760586874e+220,0.01392,100,268,308
1.39521114069903e+221,0.01393,100,268,308
1.94950006271096e+221,0.01394,100,268,308
2.72394625619154e+221,0.01395,100,268,308
3.80597142653225e+221,0.01396,100,268,308
5.31770160402045e+221,0.01397,100,268,308
7.42973969966841e+221,0.01398,100,268,308
1.03804019324307e+222,0.01399,100,268,308
1.4502584981681e+222,0.014,100,268,308
2.02612897122616e+222,0.01401,100,268,308
2.83060266980665e+222,0.01402,100,268,308
3.95440033523397e+222,0.01403,100,268,308
5.52423304573477e+222,0.01404,100,268,308
7.71707499584982e+222,0.01405,100,268,308
1.0780094271444e+223,0.01406,100,268,308
1.50584836220509e+223,0.01407,100,268,308
2.10343212397331e+223,0.01408,100,268,308
2.93808311137664e+223,0.01409,100,268,308
4.10381427528322e+223,0.0141,100,268,308
5.73190650682903e+223,0.01411,100,268,308
8.0056759878943e+223,0.01412,100,268,308
1.11810904799546e+224,0.01413,100,268,308
1.56155500600506e+224,0.01414,100,268,308
2.18080640291135e+224,0.01415,100,268,308
3.04553342773211e+224,0.01416,100,268,308
4.25300395114905e+224,0.01417,100,268,308
5.93901042222207e+224,0.01418,100,268,308
8.29312097985144e+224,0.01419,100,268,308
1.15799651531651e+225,0.0142,100,268,308
1.61689406643832e+225,0.01421,100,268,308
2.25756711196051e+225,0.01422,100,268,308
3.15198602559588e+225,0.01423,100,268,308
4.40060240018261e+225,0.01424,100,268,308
6.14361420328636e+225,0.01425,100,268,308
8.5766841806317e+225,0.01426,100,268,308
1.19728709075344e+226,0.01427,100,268,308
1.67132265733034e+226,0.01428,100,268,308
2.33294843819036e+226,0.01429,100,268,308
3.25636094563739e+226,0.0143,100,268,308
4.54508710243094e+226,0.01431,100,268,308
6.34357204859818e+226,0.01432,100,268,308
8.85334225020057e+226,0.01433,100,268,308
1.2355549256285e+227,0.01434,100,268,308
1.72424113352619e+227,0.01435,100,268,308
2.40610626219971e+227,0.01436,100,268,308
3.35747027739163e+227,0.01437,100,268,308
4.68478683839167e+227,0.01438,100,268,308
6.53653349807656e+227,0.01439,100,268,308
9.11979041724824e+227,0.0144,100,268,308
1.27233550612786e+228,0.01441,100,268,308
1.77499677943867e+228,0.01442,100,268,308
2.47612369478436e+228,0.01443,100,268,308
3.45402643388597e+228,0.01444,100,268,308
4.81789400768984e+228,0.01445,100,268,308
6.71996170872886e+228,0.01446,100,268,308
9.37246950753097e+228,0.01447,100,268,308
1.30712963928853e+229,0.01448,100,268,308
1.8228896721295e+229,0.01449,100,268,308
2.54201968060782e+229,0.0145,100,268,308
3.54465474913063e+229,0.01451,100,268,308
4.94248303700348e+229,0.01452,100,268,308
6.89116030195023e+229,0.01453,100,268,308
9.60760503118084e+229,0.01454,100,268,308
1.33940913431712e+230,0.01455,100,268,308
1.86718092623426e+230,0.01456,100,268,308
2.60276094591718e+230,0.01457,100,268,308
3.62791076768424e+230,0.01458,100,268,308
5.05653536677391e+230,0.01459,100,268,308
7.04730942905149e+230,0.0146,100,268,308
9.82125917675293e+230,0.01461,100,268,308
1.36862428978616e+231,0.01462,100,268,308
1.9071034638208e+231,0.01463,100,268,308
2.65727747406742e+231,0.01464,100,268,308
3.70230245932788e+231,0.01465,100,268,308
5.15797130862214e+231,0.01466,100,268,308
7.18551141390199e+231,0.01467,100,268,308
1.00093961445829e+232,0.01468,100,268,308
1.39421323725613e+232,0.01469,100,268,308
1.94187536562158e+232,0.0147,100,268,308
2.70448156728019e+232,0.01471,100,268,308
3.76631741155205e+232,0.01472,100,268,308
5.24468880590224e+232,0.01473,100,268,308
7.30284595973775e+232,0.01474,100,268,308
1.01679607179701e+233,0.01475,100,268,308
1.41561311526807e+233,0.01476,100,268,308
1.97071575039451e+233,0.01477,100,268,308
2.7432903965355e+233,0.01478,100,268,308
3.81845482940035e+233,0.01479,100,268,308
5.31460881159112e+233,0.0148,100,268,308
7.39643445328338e+233,0.01481,100,268,308
1.02929693249401e+234,0.01482,100,268,308
1.4322729559169e+234,0.01483,100,268,308
1.99286299910387e+234,0.01484,100,268,308
2.77265175688886e+234,0.01485,100,268,308
3.85726190993132e+234,0.01486,100,268,308
5.36572662649988e+234,0.01487,100,268,308
7.46351237489552e+234,0.01488,100,268,308
1.03806121022801e+235,0.01489,100,268,308
1.44366806166539e+235,0.0149,100,268,308
2.00759499292589e+235,0.01491,100,268,308
2.7915725376004e+235,0.01492,100,268,308
3.88137386681562e+235,0.01493,100,268,308
5.39616813066084e+235,0.01494,100,268,308
7.50150824723835e+235,0.01495,100,268,308
1.04273636658384e+236,0.01496,100,268,308
1.44931553681775e+236,0.01497,100,268,308
2.01425087586642e+236,0.01498,100,268,308
2.79914919522272e+236,0.01499,100,268,308
3.88955657121989e+236,0.015,100,268,308
5.40424940946567e+236,0.01501,100,268,308
7.5081269544534e+236,0.01502,100,268,308
1.04300994555497e+237,0.01503,100,268,308
1.44879052208674e+237,0.01504,100,268,308
2.01225369175062e+237,0.01505,100,268,308
2.7945992947449e+237,0.01506,100,268,308
3.88075046655086e+237,0.01507,100,268,308
5.38853784983014e+237,0.01508,100,268,308
7.48143467577793e+237,0.01509,100,268,308
1.03862137134863e+238,0.0151,100,268,308
1.44174256918546e+238,0.01511,100,268,308
2.0011330923287e+238,0.01512,100,268,308
2.77729297413173e+238,0.01513,100,268,308
3.85411412812659e+238,0.01514,100,268,308
5.34791239020354e+238,0.01515,100,268,308
7.41994214444126e+238,0.01516,100,268,308
1.02937344289144e+239,0.01517,100,268,308
1.42791149431693e+239,0.01518,100,268,308
1.98054718054202e+239,0.01519,100,268,308
2.74678300887359e+239,0.0152,100,268,308
3.80906559813449e+239,0.01521,100,268,308
5.28162028661887e+239,0.01522,100,268,308
7.32268251310243e+239,0.01523,100,268,308
1.01514300143465e+240,0.01524,100,268,308
1.40714197396308e+240,0.01525,100,268,308
1.95030245400215e+240,0.01526,100,268,308
2.70283202371067e+240,0.01527,100,268,308
3.7453194587663e+240,0.01528,100,268,308
5.18932754087693e+240,0.01529,100,268,308
7.18927983323798e+240,0.0153,100,268,308
9.95890213114969e+240,0.01531,100,268,308
1.37939610368359e+241,0.01532,100,268,308
1.91037076170339e+241,0.01533,100,268,308
2.64543533713793e+241,0.01534,100,268,308
3.66291753611265e+241,0.01535,100,268,308
5.07116006202384e+241,0.01536,100,268,308
7.02000408135456e+241,0.01537,100,268,308
9.71665902588272e+241,0.01538,100,268,308
1.34476313905668e+242,0.01539,100,268,308
1.86090219404803e+242,0.0154,100,268,308
2.57483794721498e+242,0.01541,100,268,308
3.56225117769719e+242,0.01542,100,268,308
4.92773272744499e+242,0.01543,100,268,308
6.8158088360396e+242,0.01544,100,268,308
9.42616402720611e+242,0.01545,100,268,308
1.30346568525014e+243,0.01546,100,268,308
1.80223290222299e+243,0.01547,100,268,308
2.49154428699073e+243,0.01548,100,268,308
3.4440732330699e+243,0.01549,100,268,308
4.76016379808755e+243,0.0155,100,268,308
6.57834814780246e+243,0.01551,100,268,308
9.08985451765038e+243,0.01552,100,268,308
1.25586170180822e+244,0.01553,100,268,308
1.73488699294467e+244,0.01554,100,268,308
2.39631960129086e+244,0.01555,100,268,308
3.30949819813275e+244,0.01556,100,268,308
4.57007263090028e+244,0.01557,100,268,308
6.3099698641331e+244,0.01558,100,268,308
8.71112775000691e+244,0.01559,100,268,308
1.20244184345614e+245,0.0156,100,268,308
1.65957186903691e+245,0.01561,100,268,308
2.29018212267435e+245,0.01562,100,268,308
3.15998945656604e+245,0.01563,100,268,308
4.35955931519927e+245,0.01564,100,268,308
6.01368365692803e+245,0.01565,100,268,308
8.29429129658073e+245,0.01566,100,268,308
1.14382186147383e+246,0.01567,100,268,308
1.57716667880901e+246,0.01568,100,268,308
2.174385643201e+246,0.01569,100,268,308
2.99733315010629e+246,0.0157,100,268,308
4.13116571329511e+246,0.01571,100,268,308
5.69310321633621e+246,0.01572,100,268,308
7.84447764877681e+246,0.01573,100,268,308
1.08073003577085e+247,0.01574,100,268,308
1.4887038849807e+247,0.01575,100,268,308
2.05039257069852e+247,0.01576,100,268,308
2.82359890457918e+247,0.01577,100,268,308
3.88781836657233e+247,0.01578,100,268,308
5.35236345624603e+247,0.01579,100,268,308
7.36752442857621e+247,0.0158,100,268,308
1.01398988078648e+248,0.01581,100,268,308
1.39534434705946e+248,0.01582,100,268,308
1.91983809489176e+248,0.01583,100,268,308
2.64108838976249e+248,0.01584,100,268,308
3.63275477726127e+248,0.01585,100,268,308
4.99601503995218e+248,0.01586,100,268,308
6.86982371046145e+248,0.01587,100,268,308
9.44498651723486e+248,0.01588,100,268,308
1.29834670443432e+249,0.01589,100,268,308
1.78448663438016e+249,0.0159,100,268,308
2.4522734456851e+249,0.01591,100,268,308
3.36943561909385e+249,0.01592,100,268,308
4.6288999736681e+249,0.01593,100,268,308
6.35814593549126e+249,0.01594,100,268,308
8.73202450171673e+249,0.01595,100,268,308
1.19903222162184e+250,0.01596,100,268,308
1.64618224767881e+250,0.01597,100,268,308
2.25972620901834e+250,0.01598,100,268,308
3.1014463864759e+250,0.01599,100,268,308
4.25601331773667e+250,0.016,100,268,308
5.83944566742575e+250,0.01601,100,268,308
8.01068967955041e+250,0.01602,100,268,308
1.09874658115249e+251,0.01603,100,268,308
1.50679512870703e+251,0.01604,100,268,308
2.06604426044397e+251,0.01605,100,268,308
2.83239277882219e+251,0.01606,100,268,308
3.88235711631495e+251,0.01607,100,268,308
5.32065783975821e+251,0.01608,100,268,308
7.29059093319924e+251,0.01609,100,268,308
9.9882035406076e+251,0.0161,100,268,308
1.36816662778356e+252,0.01611,100,268,308
1.87377423257489e+252,0.01612,100,268,308
2.5657946593279e+252,0.01613,100,268,308
3.51279334465004e+252,0.01614,100,268,308
4.80849403253741e+252,0.01615,100,268,308
6.5809871587911e+252,0.01616,100,268,308
9.00530017714472e+252,0.01617,100,268,308
1.23205541051275e+253,0.01618,100,268,308
1.6853375231887e+253,0.01619,100,268,308
2.30498366661743e+253,0.0162,100,268,308
3.15190293998411e+253,0.01621,100,268,308
4.30924859697135e+253,0.01622,100,268,308
5.89052092586461e+253,0.01623,100,268,308
8.05061408502074e+253,0.01624,100,268,308
1.10008736602954e+254,0.01625,100,268,308
1.50296172183339e+254,0.01626,100,268,308
2.05300945660981e+254,0.01627,100,268,308
2.80385777221413e+254,0.01628,100,268,308
3.82862405765658e+254,0.01629,100,268,308
5.22698069660445e+254,0.0163,100,268,308
7.13477384756698e+254,0.01631,100,268,308
9.73711694659308e+254,0.01632,100,268,308
1.32862107018077e+255,0.01633,100,268,308
1.81255910359716e+255,0.01634,100,268,308
2.47231172048019e+255,0.01635,100,268,308
3.37158417108445e+255,0.01636,100,268,308
4.59710296678499e+255,0.01637,100,268,308
6.26691237409999e+255,0.01638,100,268,308
8.5416525090856e+255,0.01639,100,268,308
1.16398875236146e+256,0.0164,100,268,308
1.58589341750477e+256,0.01641,100,268,308
2.16031588978687e+256,0.01642,100,268,308
2.94224136657035e+256,0.01643,100,268,308
4.00642328736815e+256,0.01644,100,268,308
5.45447037646518e+256,0.01645,100,268,308
7.42446714591557e+256,0.01646,100,268,308
1.01040308684121e+257,0.01647,100,268,308
1.37480289345941e+257,0.01648,100,268,308
1.87026151089024e+257,0.01649,100,268,308
2.54378316514372e+257,0.0165,100,268,308
3.45918208761968e+257,0.01651,100,268,308
4.70307678633288e+257,0.01652,100,268,308
6.3930154942669e+257,0.01653,100,268,308
8.68848822406627e+257,0.01654,100,268,308
1.18058478122577e+258,0.01655,100,268,308
1.60385233309886e+258,0.01656,100,268,308
2.17843973070403e+258,0.01657,100,268,308
2.95828778960925e+258,0.01658,100,268,308
4.0165088691938e+258,0.01659,100,268,308
5.45218034074044e+258,0.0166,100,268,308
7.39953797901075e+258,0.01661,100,268,308
1.0040414460823e+259,0.01662,100,268,308
1.36210648608187e+259,0.01663,100,268,308
1.84749215672492e+259,0.01664,100,268,308
2.50533616105869e+259,0.01665,100,268,308
3.3967298804737e+259,0.01666,100,268,308
4.60433970942981e+259,0.01667,100,268,308
6.24000286441204e+259,0.01668,100,268,308
8.45498897685235e+259,0.01669,100,268,308
1.14538600360791e+260,0.0167,100,268,308
1.55131864201711e+260,0.01671,100,268,308
2.10068149308775e+260,0.01672,100,268,308
2.84399750716831e+260,0.01673,100,268,308
3.84953049262032e+260,0.01674,100,268,308
5.2094948711312e+260,0.01675,100,268,308
7.04843195970389e+260,0.01676,100,268,308
9.53450616693812e+260,0.01677,100,268,308
1.28947355952136e+261,0.01678,100,268,308
1.74355228262231e+261,0.01679,100,268,308
2.35703241762513e+261,0.0168,100,268,308
3.18569311222786e+261,0.01681,100,268,308
4.30476918964317e+261,0.01682,100,268,308
5.81571495443732e+261,0.01683,100,268,308
7.8553115881567e+261,0.01684,100,268,308
1.06079274030136e+262,0.01685,100,268,308
1.4322018704838e+262,0.01686,100,268,308
1.93323329923991e+262,0.01687,100,268,308
2.60897783182923e+262,0.01688,100,268,308
3.52015965902048e+262,0.01689,100,268,308
4.74853830152122e+262,0.0169,100,268,308
6.40417073041215e+262,0.01691,100,268,308
8.63517198494323e+262,0.01692,100,268,308
1.1640830871713e+263,0.01693,100,268,308
1.56892299536946e+263,0.01694,100,268,308
2.11409112661933e+263,0.01695,100,268,308
2.84806548051415e+263,0.01696,100,268,308
3.83601410157284e+263,0.01697,100,268,308
5.16552117039056e+263,0.01698,100,268,308
6.95427068284187e+263,0.01699,100,268,308
9.3603545557471e+263,0.017,100,268,308
1.25960983208638e+264,0.01701,100,268,308
1.6946600420627e+264,0.01702,100,268,308
2.27945862780177e+264,0.01703,100,268,308
3.06537202090387e+264,0.01704,100,268,308
4.1213242850124e+264,0.01705,100,268,308
5.5397770454384e+264,0.01706,100,268,308
7.44473870657866e+264,0.01707,100,268,308
1.00024890488339e+265,0.01708,100,268,308
1.343593638834e+265,0.01709,100,268,308
1.80438331140798e+265,0.0171,100,268,308
2.42264875036927e+265,0.01711,100,268,308
3.25201598057274e+265,0.01712,100,268,308
4.36430646942191e+265,0.01713,100,268,308
5.855688167618e+265,0.01714,100,268,308
7.8548981548914e+265,0.01715,100,268,308
1.05342319316137e+266,0.01716,100,268,308
1.41242266882279e+266,0.01717,100,268,308
1.89332755037244e+266,0.01718,100,268,308
2.53738220129255e+266,0.01719,100,268,308
3.39973347465496e+266,0.0172,100,268,308
4.55409924436578e+266,0.01721,100,268,308
6.09899864716453e+266,0.01722,100,268,308
8.16606442193353e+266,0.01723,100,268,308
1.09311304470464e+267,0.01724,100,268,308
1.46290173835116e+267,0.01725,100,268,308
1.95732450264529e+267,0.01726,100,268,308
2.61823065067638e+267,0.01727,100,268,308
3.50146800001327e+267,0.01728,100,268,308
4.68154720606867e+267,0.01729,100,268,308
6.25785414392172e+267,0.0173,100,268,308
8.36292206562049e+267,0.01731,100,268,308
1.11734437303428e+268,0.01732,100,268,308
1.49249274083292e+268,0.01733,100,268,308
1.99311976315313e+268,0.01734,100,268,308
2.66103356965617e+268,0.01735,100,268,308
3.55191778757596e+268,0.01736,100,268,308
4.73991829835263e+268,0.01737,100,268,308
6.32374008815762e+268,0.01738,100,268,308
8.43474931733181e+268,0.01739,100,268,308
1.12477373958677e+269,0.0174,100,268,308
1.49952180745114e+269,0.01741,100,268,308
1.99864123584021e+269,0.01742,100,268,308
2.66324519213244e+269,0.01743,100,268,308
3.54798293852888e+269,0.01744,100,268,308
4.72547826396897e+269,0.01745,100,268,308
6.29221722438182e+269,0.01746,100,268,308
8.37635644809647e+269,0.01747,100,268,308
1.11480758409063e+270,0.01748,100,268,308
1.4833301287742e+270,0.01749,100,268,308
1.97318896791408e+270,0.0175,100,268,308
2.62417211201961e+270,0.01751,100,268,308
3.48906089815093e+270,0.01752,100,268,308
4.63785537606816e+270,0.01753,100,268,308
6.16336793045855e+270,0.01754,100,268,308
8.18862627765208e+270,0.01755,100,268,308
1.08766685790658e+271,0.01756,100,268,308
1.44435002699862e+271,0.01757,100,268,308
1.91752287053342e+271,0.01758,100,268,308
2.54507168284154e+271,0.01759,100,268,308
3.37715257199602e+271,0.0176,100,268,308
4.48014809201196e+271,0.01761,100,268,308
5.94189420165224e+271,0.01762,100,268,308
7.87858359706804e+271,0.01763,100,268,308
1.0443880670777e+272,0.01764,100,268,308
1.38409534784418e+272,0.01765,100,268,308
1.8338352053205e+272,0.01766,100,268,308
2.42909571430263e+272,0.01767,100,268,308
3.21676112256518e+272,0.01768,100,268,308
4.25875537124988e+272,0.01769,100,268,308
5.6368452962175e+272,0.0177,100,268,308
7.45897094461071e+272,0.01771,100,268,308
9.86758632286108e+272,0.01772,100,268,308
1.30506461483396e+273,0.01773,100,268,308
1.72560741734712e+273,0.01774,100,268,308
2.28108112829589e+273,0.01775,100,268,308
3.01458863569129e+273,0.01776,100,268,308
3.98294054200187e+273,0.01777,100,268,308
5.26099483663766e+273,0.01778,100,268,308
6.94736414288577e+273,0.01779,100,268,308
9.17191949765069e+273,0.0178,100,268,308
1.2105653534012e+274,0.01781,100,268,308
1.59736414506392e+274,0.01782,100,268,308
2.1072068131543e+274,0.01783,100,268,308
2.77905910419079e+274,0.01784,100,268,308
3.66417030564128e+274,0.01785,100,268,308
4.82992759114446e+274,0.01786,100,268,308
6.36491410457668e+274,0.01787,100,268,308
8.38554492493188e+274,0.01788,100,268,308
1.104477077942e+275,0.01789,100,268,308
1.45434907162897e+275,0.0179,100,268,308
1.91455128200445e+275,0.01791,100,268,308
2.51971606804861e+275,0.01792,100,268,308
3.31529612789754e+275,0.01793,100,268,308
4.36092914259982e+275,0.01794,100,268,308
5.7348436444815e+275,0.01795,100,268,308
7.53962675416989e+275,0.01796,100,268,308
9.9097726829626e+275,0.01797,100,268,308
1.30215591039635e+276,0.01798,100,268,308
1.7105965744337e+276,0.01799,100,268,308
2.24655676652002e+276,0.018,100,268,308
2.94966200722388e+276,0.01801,100,268,308
3.87179221593256e+276,0.01802,100,268,308
5.0808530475364e+276,0.01803,100,268,308
6.66570214854301e+276,0.01804,100,268,308
8.74258223909108e+276,0.01805,100,268,308
1.14635196086178e+277,0.01806,100,268,308
1.50272854667766e+277,0.01807,100,268,308
1.96936982720232e+277,0.01808,100,268,308
2.58022801966172e+277,0.01809,100,268,308
3.37965865509449e+277,0.0181,100,268,308
4.42559243821904e+277,0.01811,100,268,308
5.79366929826035e+277,0.01812,100,268,308
7.58262501848316e+277,0.01813,100,268,308
9.92130801546067e+277,0.01814,100,268,308
1.29778170580871e+278,0.01815,100,268,308
1.69713977060944e+278,0.01816,100,268,308
2.21879260266276e+278,0.01817,100,268,308
2.90000556882939e+278,0.01818,100,268,308
3.78934256352184e+278,0.01819,100,268,308
4.95007419500192e+278,0.0182,100,268,308
6.46460873473848e+278,0.01821,100,268,308
8.44025114081788e+278,0.01822,100,268,308
1.10166861198503e+279,0.01823,100,268,308
1.43756986173608e+279,0.01824,100,268,308
1.87537971874712e+279,0.01825,100,268,308
2.44586025437065e+279,0.01826,100,268,308
3.18901183623448e+279,0.01827,100,268,308
4.15683310348489e+279,0.01828,100,268,308
5.41690114260348e+279,0.01829,100,268,308
7.05701430174078e+279,0.0183,100,268,308
9.19121135155888e+279,0.01831,100,268,308
1.19675728069677e+280,0.01832,100,268,308
1.55783292228441e+280,0.01833,100,268,308
2.02729549755572e+280,0.01834,100,268,308
2.63751245046069e+280,0.01835,100,268,308
3.43046641721269e+280,0.01836,100,268,308
4.46059635051238e+280,0.01837,100,268,308
5.79847360981887e+280,0.01838,100,268,308
7.53555705566378e+280,0.01839,100,268,308
9.79034211300556e+280,0.0184,100,268,308
1.27163101951895e+281,0.01841,100,268,308
1.65122026922751e+281,0.01842,100,268,308
2.14352955006161e+281,0.01843,100,268,308
2.78185455357218e+281,0.01844,100,268,308
3.60927323298655e+281,0.01845,100,268,308
4.68150417392568e+281,0.01846,100,268,308
6.07059555902576e+281,0.01847,100,268,308
7.86968472667811e+281,0.01848,100,268,308
1.01991372768037e+282,0.01849,100,268,308
1.32144633236411e+282,0.0185,100,268,308
1.71165224306637e+282,0.01851,100,268,308
2.2164675157467e+282,0.01852,100,268,308
2.86937271914614e+282,0.01853,100,268,308
3.7135753514039e+282,0.01854,100,268,308
4.80482000477265e+282,0.01855,100,268,308
6.21500580784633e+282,0.01856,100,268,308
8.03684171897923e+282,0.01857,100,268,308
1.03898357167872e+283,0.01858,100,268,308
1.34279978845317e+283,0.01859,100,268,308
1.73497450045224e+283,0.0186,100,268,308
2.2410632189606e+283,0.01861,100,268,308
2.89397137685696e+283,0.01862,100,268,308
3.73605619343212e+283,0.01863,100,268,308
4.82182614109455e+283,0.01864,100,268,308
6.22140692740079e+283,0.01865,100,268,308
8.02499036539217e+283,0.01866,100,268,308
1.03485432179232e+284,0.01867,100,268,308
1.33411307474514e+284,0.01868,100,268,308
1.71943089739208e+284,0.01869,100,268,308
2.21541665249928e+284,0.0187,100,268,308
2.85367590904252e+284,0.01871,100,268,308
3.6747886589305e+284,0.01872,100,268,308
4.73084276266929e+284,0.01873,100,268,308
6.08867834487352e+284,0.01874,100,268,308
7.83404145079392e+284,0.01875,100,268,308
1.00769002539621e+285,0.01876,100,268,308
1.29582472315403e+285,0.01877,100,268,308
1.66588001443836e+285,0.01878,100,268,308
2.14101286486984e+285,0.01879,100,268,308
2.75088786356842e+285,0.0188,100,268,308
3.53349514656424e+285,0.01881,100,268,308
4.53747309820969e+285,0.01882,100,268,308
5.82507513174178e+285,0.01883,100,268,308
7.47595805301779e+285,0.01884,100,268,308
9.5920181252943e+285,0.01885,100,268,308
1.23035627953928e+286,0.01886,100,268,308
1.5777184692221e+286,0.01887,100,268,308
2.0225804500742e+286,0.01888,100,268,308
2.59214764096428e+286,0.01889,100,268,308
3.32117113179216e+286,0.0189,100,268,308
4.254027811881e+286,0.01891,100,268,308
5.44737038746968e+286,0.01892,100,268,308
6.97350243943955e+286,0.01893,100,268,308
8.92467564276432e+286,0.01894,100,268,308
1.14185595190808e+287,0.01895,100,268,308
1.46052016350237e+287,0.01896,100,268,308
1.86758818022932e+287,0.01897,100,268,308
2.3874372397945e+287,0.01898,100,268,308
3.05112545035302e+287,0.01899,100,268,308
3.89821138544152e+287,0.019,100,268,308
4.97906613385317e+287,0.01901,100,268,308
6.35781022765175e+287,0.01902,100,268,308
8.1160432487982e+287,0.01903,100,268,308
1.03575786799567e+288,0.01904,100,268,308
1.32144531945662e+288,0.01905,100,268,308
1.6854551195312e+288,0.01906,100,268,308
2.14912759493699e+288,0.01907,100,268,308
2.73958131010066e+288,0.01908,100,268,308
3.49126769252592e+288,0.01909,100,268,308
4.44794123190476e+288,0.0191,100,268,308
5.6651556140767e+288,0.01911,100,268,308
7.21342526422086e+288,0.01912,100,268,308
9.18222851423235e+288,0.01913,100,268,308
1.1685074962943e+289,0.01914,100,268,308
1.48659180617614e+289,0.01915,100,268,308
1.89072676756382e+289,0.01916,100,268,308
2.40404502896035e+289,0.01917,100,268,308
3.05585816254245e+289,0.01918,100,268,308
3.88329639446592e+289,0.01919,100,268,308
4.93338060866267e+289,0.0192,100,268,308
6.26563981876474e+289,0.01921,100,268,308
7.955416741333e+289,0.01922,100,268,308
1.0098041146577e+290,0.01923,100,268,308
1.28140972575838e+290,0.01924,100,268,308
1.62560700647909e+290,0.01925,100,268,308
2.06167290865129e+290,0.01926,100,268,308
2.61397006827304e+290,0.01927,100,268,308
3.31327963493492e+290,0.01928,100,268,308
4.19848105157568e+290,0.01929,100,268,308
5.31866848188439e+290,0.0193,100,268,308
6.73581661123774e+290,0.01931,100,268,308
8.52813744529989e+290,0.01932,100,268,308
1.07943059856727e+291,0.01933,100,268,308
1.36587781313695e+291,0.01934,100,268,308
1.72784811653703e+291,0.01935,100,268,308
2.18512286433394e+291,0.01936,100,268,308
2.76263010444074e+291,0.01937,100,268,308
3.49177457078859e+291,0.01938,100,268,308
4.41210900558332e+291,0.01939,100,268,308
5.57343379517071e+291,0.0194,100,268,308
7.03843391552068e+291,0.01941,100,268,308
8.88598972216459e+291,0.01942,100,268,308
1.12153325658916e+292,0.01943,100,268,308
1.41512592907876e+292,0.01944,100,268,308
1.78506735171758e+292,0.01945,100,268,308
2.25107889069737e+292,0.01946,100,268,308
2.83794136800854e+292,0.01947,100,268,308
3.57678406595659e+292,0.01948,100,268,308
4.5066998231208e+292,0.01949,100,268,308
5.67676812635912e+292,0.0195,100,268,308
7.14858852602146e+292,0.01951,100,268,308
8.9994521782527e+292,0.01952,100,268,308
1.13263110917279e+293,0.01953,100,268,308
1.42507442698756e+293,0.01954,100,268,308
1.79251693135525e+293,0.01955,100,268,308
2.25406095709507e+293,0.01956,100,268,308
2.8336403556074e+293,0.01957,100,268,308
3.56123387886882e+293,0.01958,100,268,308
4.47438110160536e+293,0.01959,100,268,308
5.62007576312242e+293,0.0196,100,268,308
7.05712980754551e+293,0.01961,100,268,308
8.85912428172338e+293,0.01962,100,268,308
1.11180917039796e+294,0.01963,100,268,308
1.39491098831888e+294,0.01964,100,268,308
1.74960311229681e+294,0.01965,100,268,308
2.19386253485232e+294,0.01966,100,268,308
2.75014835122324e+294,0.01967,100,268,308
3.44651118379419e+294,0.01968,100,268,308
4.31797519818652e+294,0.01969,100,268,308
5.40825918791291e+294,0.0197,100,268,308
6.77191929357803e+294,0.01971,100,268,308
8.47701587471175e+294,0.01972,100,268,308
1.06084317886566e+295,0.01973,100,268,308
1.32719999909211e+295,0.01974,100,268,308
1.65996363579101e+295,0.01975,100,268,308
2.07557206898772e+295,0.01976,100,268,308
2.59450271204433e+295,0.01977,100,268,308
3.24225772952768e+295,0.01978,100,268,308
4.05058789562482e+295,0.01979,100,268,308
5.05901230207305e+295,0.0198,100,268,308
6.31670488604612e+295,0.01981,100,268,308
7.8848356410539e+295,0.01982,100,268,308
9.83947525514808e+295,0.01983,100,268,308
1.22751977259614e+296,0.01984,100,268,308
1.53095473811472e+296,0.01985,100,268,308
1.90885761057298e+296,0.01986,100,268,308
2.37937051916014e+296,0.01987,100,268,308
2.96502262276055e+296,0.01988,100,268,308
3.69378294924555e+296,0.01989,100,268,308
4.60036396517779e+296,0.0199,100,268,308
5.72783512033497e+296,0.01991,100,268,308
7.12961949933584e+296,0.01992,100,268,308
8.87196382840415e+296,0.01993,100,268,308
1.10369931767432e+297,0.01994,100,268,308
1.37264876696926e+297,0.01995,100,268,308
1.70665505234433e+297,0.01996,100,268,308
2.12133760927663e+297,0.01997,100,268,308
2.63603750951097e+297,0.01998,100,268,308
